grid_id,avg_pop,sample_count,grid_lon,grid_lat,pop_weight
다사56754700,6.377076545698925,1488,127.01055426640286,37.52128272064797,0.0006904696745421775
다사56754750,92.84288568548388,1488,127.0105248240753,37.52578937112133,0.01005244277741169
다사56754775,109.9386080645161,1488,127.0105101004523,37.528042695057756,0.011903459898270177
다사57004725,239.3091052419355,1488,127.01336870351535,37.52354773733141,0.025910882334135313
다사57004750,176.7027344758065,1488,127.01335406661903,37.525801063080536,0.019132258910473987
다사57254650,795.1990081317207,1488,127.01624150830705,37.51679937530903,0.08609913906573545
다사57254675,70.79690701281187,1483,127.01622696135874,37.519052704598586,0.007665443090329325
다사57254700,553.8770262096774,1488,127.01621241279037,37.52130603302146,0.059970315125246844
다사57254725,24.584571706989248,1488,127.01619786260181,37.523559360577664,0.0026618625484012047
다사57254750,88.97506243279572,1488,127.01618331079283,37.52581268726719,0.009633659241831977
다사57254775,14.358483064516129,1488,127.01616875736325,37.528066013089976,0.0015546460917365763
다사57504575,983.5873888440857,1488,127.01911378981438,37.51005093211142,0.10649664613435073
다사57504600,1045.09356969086,1488,127.0190993327557,37.5123042649354,0.11315614792443784
다사57504625,735.0621476466579,2932,127.01908487408704,37.51455759689284,0.07958789865807327
다사57504650,3674.7732196236557,1488,127.01907041380821,37.51681092798373,0.3978812941615344
다사57504675,1490.8371108870977,1488,127.01905595191899,37.51906425820801,0.16141845050360693
다사57504700,1542.8374113575267,1488,127.01904148841919,37.52131758756568,0.167048715450972
다사57504725,1911.866198790323,1488,127.0190270233087,37.52357091605673,0.20700482777445847
다사57504750,226.42946895161293,1488,127.01901255658723,37.525824243681136,0.024516356454780987
다사57504775,128.7670620967742,1488,127.01899808825463,37.52807757043889,0.013942086286807709
다사57754500,76.27019369433557,2807,127.02198554828693,37.50330240778978,0.008258056092005866
다사57754525,1341.483059946237,1488,127.02197118105958,37.505555744142235,0.14524733475712198
다사57754550,2596.592324731184,1488,127.02195681223228,37.50780907962825,0.2811426591053031
다사57754575,1824.5306637096783,1488,127.02194244180482,37.5100624142478,0.1975486862257466
다사57754600,2327.3528540322586,1488,127.02192806977702,37.51231574800088,0.25199110535254504
다사57754625,1214.950495766129,1488,127.02191369614872,37.51456908088747,0.13154718582800934
다사57754650,1125.7387988239248,2976,127.02189932091969,37.51682241290753,0.12188790529223086
다사57754675,2335.7072714381725,1488,127.02188494408978,37.51907574406106,0.2528956690387284
다사57754700,1670.3499022849467,1488,127.02187056565877,37.521329074348046,0.1808549646750149
다사57754725,1634.8437742607525,1488,127.02185618562648,37.52358240376846,0.17701058481138396
다사57754750,272.69675658602154,1488,127.02184180399274,37.52583573232228,0.02952588688866386
다사57754775,646.5521576612903,1488,127.02182742075735,37.52808906000949,0.07000459453102045
다사58004425,585.5878750672041,1488,127.02485678397426,37.49655380239527,0.06340376606992465
다사58004450,1321.2936221102148,1488,127.02484250651992,37.49880714227023,0.14306134961613604
다사58004475,5173.845949395162,1488,127.02482822747568,37.50106048127885,0.5601914455958141
다사58004500,1013.104511122312,2976,127.02481394684129,37.503313819421116,0.10969257418489523
다사58004525,3658.6230610887073,1488,127.02479966461662,37.50556715669701,0.3961326567369215
다사58004550,2110.659892271506,1488,127.02478538080145,37.507820493106536,0.22852895655907637
다사58004575,2285.871623991936,1488,127.0247710953956,37.51007382864963,0.24749977908410492
다사58004600,668.8734117607524,1488,127.02475680839888,37.51232716332631,0.07242139930715628
다사58004625,516.1233634408602,1488,127.02474251981111,37.514580497136556,0.055882586358318054
다사58004650,2262.409804368279,1488,127.0247282296321,37.51683383008034,0.244959481058258
다사58004675,1437.964953561828,1488,127.02471393786166,37.51908716215764,0.15569378638845782
다사58004700,1906.7461745295705,1488,127.02469964449963,37.521340493368434,0.20645046380224708
다사58004725,2195.4332803763446,1488,127.02468534954578,37.52359382371272,0.23770768497406833
다사58004750,1924.3893720430108,1488,127.02467105299993,37.52584715319048,0.20836075808171667
다사58004775,504.5143875190259,2628,127.02465675486191,37.52810048180168,0.05462563957885323
다사58254375,447.9502034274194,1488,127.02771330938617,37.49205845937057,0.04850122606419707
다사58254400,4329.920351680106,1488,127.02769912006667,37.494311801895826,0.468816498374091
다사58254425,4658.177086827956,1488,127.02768492916711,37.49656514355482,0.504358069728865
다사58254450,4755.466076545699,1488,127.02767073668726,37.49881848434758,0.5148919086416587
다사58254475,1633.091523588709,1488,127.02765654262693,37.50107182427405,0.17682086214731177
다사58254500,640.1890516801076,1488,127.02764234698594,37.50332516333422,0.06931563750119339
다사58254525,429.53634223790306,2976,127.02762814976415,37.50557850152808,0.04650748917685087
다사58254550,1484.189706989248,1488,127.02761395096128,37.50783183885561,0.16069871148636175
다사58254575,2882.867068145161,1488,127.02759975057725,37.510085175316775,0.3121386848701201
다사58254600,2766.2204571236557,1488,127.0275855486118,37.512338510911576,0.29950892467023854
다사58254625,617.1153820900539,2976,127.02757134506474,37.51459184564,0.0668173659157467
다사58254650,430.95185863575256,2976,127.02755713993592,37.51684517950202,0.04666075237504652
다사58254675,642.2216096774193,3007,127.02754293322516,37.51909851249761,0.06953571007658665
다사58254700,1695.2578740927415,2976,127.02752872493225,37.52135184462675,0.1835518429489998
다사58254725,1014.9228338709678,2976,127.02751451505702,37.52360517588943,0.10988945071718709
다사58254750,2764.536111466039,2974,127.02750030359928,37.525858506285644,0.2993265543333456
다사58254775,136.82788662634414,1488,127.02748609055884,37.52811183581536,0.014814861585894816
다사58504300,140.5858002978407,1343,127.03058358990761,37.485309695494394,0.015221744804423197
다사58504325,659.4289434210526,2128,127.03056949025466,37.4875630415303,0.07139881177288328
다사58504350,3956.7455487231186,1488,127.03055538903165,37.48981638670009,0.4284114816084012
다사58504375,1391.8589943548388,1488,127.03054128623836,37.49206973100371,0.15070172358037126
다사58504400,2952.117742137097,1488,127.03052718187463,37.49432307444116,0.31963671158979123
다사58504425,1125.268925,1488,127.03051307594025,37.496576417012456,0.12183703031465198
다사58504450,5291.5943440188175,1488,127.03049896843505,37.49882975871753,0.5729404999832032
다사58504475,904.7496028225805,1488,127.03048485935885,37.50108309955637,0.09796058732028352
다사58504500,816.741427688172,1488,127.03047074871147,37.503336439528965,0.08843161654399721
다사58504525,1347.1027276881714,2976,127.03045663649269,37.50558977863531,0.14585579697785941
다사58504550,1192.0835140793008,2976,127.03044252270236,37.50784311687538,0.12907129310664706
다사58504575,619.3448757728494,2976,127.03042840734028,37.51009645424913,0.06705876144652356
다사58504600,892.6599784946236,1488,127.03041429040627,37.51234979075657,0.09665159895935635
다사58504625,640.4890592810232,2893,127.03040017190014,37.51460312639769,0.06934812043425526
다사58504650,2371.5621118951617,1488,127.03038605182174,37.51685646117246,0.2567778052877901
다사58504675,998.7685033602149,2232,127.03037193017083,37.519109795080865,0.10814036157731637
다사58504700,2426.6035696908607,1488,127.03035780694722,37.52136312812286,0.2627373475918817
다사58504725,1180.559564448925,1488,127.03034368215081,37.52361646029846,0.12782355243837912
다사58504750,829.6607829301074,1488,127.03032955578134,37.52586979160763,0.08983044294121371
다사58504775,1552.9165423387096,1488,127.03031542783863,37.52812312205035,0.16814002025786493
다사58754275,855.0558752688171,1488,127.03342532668418,37.48306754890804,0.09258006355756082
다사58754300,3418.650832594086,1488,127.03341131351922,37.48532089671657,0.3701499755944792
다사58754325,228.46666041666663,1488,127.03339729879386,37.48757424365907,0.02473693071287178
다사58754350,1297.9491597782255,2976,127.03338328250784,37.48982758973547,0.14053375829851225
다사58754375,981.5105713037638,1488,127.03336926466103,37.49208093494578,0.10627178141446325
다사58754400,507.42122298387096,1488,127.0333552452532,37.49433427928997,0.05494037341072372
다사58754425,5275.9804540322575,1488,127.03334122428421,37.49658762276803,0.5712499263386657
다사58754450,4859.249908870968,1488,127.03332720175386,37.49884096537994,0.5261289681962754
다사58754475,2216.359063978495,1488,127.03331317766195,37.50109430712568,0.23997339699583511
다사58754500,2467.4118640456986,1488,127.03329915200833,37.50334764800524,0.26715581262360705
다사58754525,1048.9634045698926,2976,127.0332851247928,37.505600988018585,0.11357514926624544
다사58754550,1720.7722754032259,1488,127.03327109601517,37.507854327165695,0.186314381589197
다사58754575,1491.83319092742,1488,127.03325706567524,37.51010766544656,0.16152629977534308
다사58754600,2980.784200672042,1488,127.03324303377288,37.512361002861184,0.32274053512916057
다사58754625,2129.046378830645,1488,127.03322900030786,37.51461433940951,0.23051972949389793
다사58754650,788.6519827956992,1488,127.03321496528,37.51686767509155,0.08539026840680772
다사58754675,1858.764278293011,1488,127.03320092868914,37.519121009907266,0.2012552863504853
다사58754700,304.64663884812904,2726,127.03318689053508,37.52137434385664,0.03298521886454505
다사58754725,39.52436807795699,1488,127.03317285081762,37.52362767693968,0.004279449582846615
다사58754750,3413.7258171370972,1488,127.03315880953662,37.52588100915634,0.3696167259470376
다사58754775,1239.2869038306449,1488,127.03314476669185,37.528134340506604,0.13418217878056612
다사59004275,191.20245855307644,1479,127.03625296693798,37.483078681554424,0.020702197689292063
다사59004300,747.7482356182798,1488,127.03623903869132,37.485332030264,0.08096146834477978
다사59004325,2246.1900914650532,1488,127.03622510889366,37.48758537810758,0.2432033127248214
다사59004350,978.8449446572582,2976,127.03621117754484,37.489838725085136,0.10598316415389344
다사59004375,1338.6737159946235,1488,127.03619724464467,37.492092071196645,0.1449431566921345
다사59004400,4099.427484274194,1488,127.03618331019297,37.4943454164421,0.4438601827329698
다사59004425,720.8259153225808,1488,127.03616937418954,37.49659876082147,0.07804648910636543
다사59004450,1357.778698219086,2976,127.0361554366342,37.498852104334745,0.14701172381127248
다사59004475,2310.7995026824037,2796,127.03614149752678,37.5011054469819,0.2501988127499377
다사59004500,1256.3982529569892,1488,127.03612755686713,37.50335878876291,0.13603488786717938
다사59004525,1297.8483897849464,1488,127.03611361465501,37.505612129677786,0.14052284755846323
다사59004550,1392.0684488163558,2788,127.03609967089024,37.507865469726475,0.1507244019899589
다사59004575,1255.1025977150537,1488,127.03608572557269,37.51011880890897,0.13589460247985383
다사59004600,1177.8079460349463,1488,127.03607177870212,37.512372147225264,0.1275256245309518
다사59004625,877.5641995295699,1488,127.03605783027837,37.51462548467534,0.0950171231122707
다사59004650,1771.4330326612908,1488,127.03604388030129,37.51687882125916,0.19179960923628062
다사59004675,1941.6811813172042,1488,127.03602992877065,37.519132156976724,0.21023300625628977
다사59004700,1292.7608328629033,2976,127.03601597568627,37.521385491828,0.13997199894515197
다사59004725,1323.1040634408603,1488,127.036002021048,37.52363882581299,0.1432573727981365
다사59004750,2667.6541446236556,1488,127.03598806485563,37.52589215893165,0.2888367852933638
다사59004775,1088.5242806451613,1488,127.03597410710898,37.52814549118397,0.11785855170505063
다사59254300,5602.92366297043,1488,127.03906676541439,37.48534309613655,0.6066492773503092
다사59254325,2449.551054704302,1488,127.03905292054463,37.48759644487575,0.2652219567063009
다사59254350,2481.2614096102147,1488,127.03903907413319,37.48984979274898,0.2686553541690097
다사59254375,1114.9349305728083,2898,127.03902522617985,37.4921031397562,0.12071813049939475
다사59254400,1502.3294821236557,1488,127.03901137668443,37.49435648589743,0.16266277206232746
다사59254425,2558.3841588709674,1488,127.03899752564675,37.49660983117265,0.2770057196068819
다사59254450,1540.8407927419353,1488,127.03898367306662,37.49886317558179,0.1668325341654232
다사59254475,2230.736723689515,2976,127.03896981894388,37.50111651912488,0.24153011941404753
다사59254500,3917.6268736559155,1488,127.03895596327834,37.50336986180189,0.42417595790900475
다사59254525,2277.165012701613,1488,127.03894210606983,37.50562320361281,0.24655708206284221
다사59254550,777.209176344086,2976,127.03892824731815,37.50787654455759,0.08415131341075655
다사59254575,759.2118259408603,1488,127.03891438702311,37.51012988463623,0.08220267368744665
다사59254600,1504.3674444892479,1488,127.03890052518454,37.51238322384873,0.1628834297886721
다사59254625,1350.5961017568186,2163,127.03888666180227,37.51463656219506,0.14623403751471792
다사59254650,1088.9027739631902,4075,127.03887279687612,37.51688989967519,0.11789953257712313
다사59254675,640.0624807459678,2976,127.03885893040588,37.51914323628911,0.06930193319780677
다사59254700,623.6545741935487,4464,127.03884506239139,37.52139657203681,0.06752538844160365
다사59254725,1211.5675228494626,2976,127.03883119283248,37.523649906918244,0.13118089883239048
다사59254750,131.4278372983871,2976,127.03881732172893,37.52590324093344,0.014230178263487313
다사59254775,2474.5925413306454,1488,127.03880344908059,37.52815657408233,0.2679332911237316
다사59504200,585.1099875672043,1488,127.04194951812656,37.47634068715793,0.06335202342198432
다사59504250,111.59299025537636,1488,127.04192200896621,37.48084739247774,0.012082585979744312
다사59504275,642.4791852150539,1488,127.04190825208855,37.48310074383886,0.06956359873314677
다사59504300,716.6169701948925,2976,127.04189449367897,37.485354094334106,0.07759077104313457
다사59504325,23.1577870295699,1488,127.04188073373734,37.487607443963434,0.002507379291880794
다사59504350,99.8947441532258,1488,127.04186697226343,37.489860792726866,0.010815973587532399
다사59504375,1153.1213091397854,2976,127.0418532092571,37.492114140624345,0.12485271100695791
다사59504400,1358.9482345430108,1488,127.04183944471816,37.494367487655865,0.1471383538366703
다사59504425,2784.783592741935,1488,127.0418256786464,37.49662083382142,0.30151882405234337
다사59504450,2853.2214967069895,1488,127.04181191104166,37.49887417912099,0.3089288491537311
다사59504475,2251.1426463949833,2233,127.0417981419038,37.50112752355452,0.243739544172902
다사59504500,1404.9583679435486,1488,127.04178437123258,37.50338086712204,0.15212004123011047
다사59504525,683.1335989247309,1488,127.04177059902781,37.505634209823526,0.07396540253801974
다사59504550,1175.0784330821105,2521,127.0417568252894,37.50788755165892,0.12723009006359864
다사59504575,791.5113126763772,4394,127.04174305001706,37.510140892628236,0.0856998586332967
다사59504600,1854.3212371975806,2976,127.04172927321069,37.51239423273146,0.20077422185060748
다사59504625,1297.1797348628693,1896,127.04171549487006,37.51464757196855,0.14045044981584257
다사59504650,1797.6720243137256,2805,127.04170171499503,37.516900910339515,0.1946406019539846
다사59504675,56.322101545698935,1488,127.04168793358538,37.51915424784432,0.006098202341638669
다사59504700,1498.243857526882,1488,127.04167415064096,37.52140758448294,0.16222040636929866
다사59504725,1438.8170250672042,1488,127.04166036616157,37.52366092025537,0.1557860433232441
다사59504750,945.8966830645163,2976,127.04164658014705,37.52591425516158,0.10241573395360601
다사59504775,1046.7691162634408,1488,127.04163279259718,37.52816758920157,0.1133375655518349
다사59754175,75.45710624999998,1488,127.04479057570673,37.474098259299176,0.008170020105760198
다사59754200,166.80470194892473,1488,127.04477690830468,37.47635161414223,0.018060562303342402
다사59754225,2674.7031093413975,1488,127.04476323938073,37.47860496811951,0.28960000278646436
다사59754250,50.82620346897932,1499,127.0447495689347,37.48085832123102,0.005503141120535879
다사59754275,1645.7860196908605,1488,127.0447358969664,37.483111673476685,0.17819534221342315
다사59754300,1190.4526637803592,2841,127.04472222347565,37.48536502485654,0.12889471491018542
다사59754325,492.9452229838711,1488,127.04470854846228,37.48761837537054,0.053373003325537294
다사59754350,231.9148629704301,1488,127.04469487192614,37.48987172501869,0.025110280362666774
다사59754375,1329.8050335013443,2976,127.04468119386699,37.49212507380093,0.14398291162201965
다사59754400,4257.734413911291,1488,127.0446675142847,37.49437842171727,0.4610006597840129
다사59754425,631.347282392473,1488,127.04465383317903,37.49663176876771,0.06835830642343996
다사59754450,730.8487699596776,1488,127.0446401505499,37.4988851149522,0.07913170066524618
다사59754475,2593.418043615592,1488,127.04462646639703,37.50113846027072,0.28079896794320375
다사59754500,4257.781666196238,1488,127.0446127807203,37.503391804723265,0.4610057759637506
다사59754525,1800.6462114247313,1488,127.04459909351954,37.505645148309824,0.19496262819780455
다사59754550,30.582166039603955,2020,127.04458540479452,37.50789849103036,0.003311244279544063
다사59754575,888.1890070564516,1488,127.04457171454509,37.510151832884866,0.09616751033791991
다사59754600,1566.1629132392472,1488,127.04455802277106,37.51240517387332,0.1695742538504863
다사59754625,1041.354954032258,1488,127.04454432947227,37.51465851399572,0.11275135417317353
다사59754650,2302.632033902562,1991,127.04453063464852,37.516911853252026,0.24931449068326061
다사59754675,3259.1574895833332,1488,127.04451693829964,37.51916519164222,0.3528810411774142
다사59754700,3742.249693212366,1488,127.04450324042546,37.52141852916629,0.40518722163851817
다사59754725,106.80922157258064,1488,127.04448954102578,37.523671865824234,0.011564629643196525
다사59754750,1958.0523483870968,1488,127.04447584010046,37.525925201616005,0.21200557309277354
다사59754775,1065.9708916666666,1488,127.04446213764926,37.528178536541596,0.11541661282659899
다사60004175,2961.316069489247,1488,127.04761788252556,37.474109117751226,0.32063264852855283
다사60004200,252.23700557795692,1488,127.0476043000047,37.476362473473216,0.027310633940307714
다사60004225,1434.8112906586016,1488,127.04759071597141,37.478615828329495,0.15535232763650428
다사60004250,80.92039786239144,1497,127.04757713042547,37.48086918232002,0.00876155090431728
다사60004275,28.756021562082786,1498,127.04756354336669,37.48312253544478,0.003113520859725391
다사60004300,1917.0081759408602,1488,127.04754995479495,37.48537588770376,0.2075615686672786
다사60004325,979.8571171034946,2976,127.04753636471004,37.48762923909695,0.10609275580996425
다사60004350,159.84618270613106,2365,127.04752277311178,37.48988258962433,0.01730713767648768
다사60004375,120.51101384408605,1488,127.04750918000002,37.492135939285866,0.013048173392837056
다사60004400,3158.1261857526874,1488,127.04749558537455,37.494389288081564,0.3419420080680237
다사60004425,1203.1551241263444,1488,127.0474819892352,37.49664263601138,0.13027005729444655
다사60004450,5629.99383232527,1488,127.04746839158177,37.498895983075315,0.6095802647534388
다사60004475,1179.7246590389786,2976,127.04745479241416,37.50114932927333,0.1277331541402643
다사60004500,793.5203023716089,5861,127.0474411917321,37.50340267460545,0.08591737938141454
다사60004525,3882.965616801074,1488,127.04742758953545,37.5056560190716,0.42042305537313557
다사60004575,2253.082225134408,1488,127.04740038059768,37.510162705405996,0.24394954953999498
다사60004600,1161.7911885752685,1488,127.0473867738562,37.51241604727422,0.1257914309343791
다사60004625,3504.100925134408,1488,127.04737316559942,37.51466938827643,0.37940197330269376
다사60004650,1166.5881672764228,2952,127.04735955582714,37.516922728412595,0.1263108175684953
다사60004675,2121.4556310483867,1488,127.04734594453925,37.519176067682714,0.22969785114365568
다사60004700,75.4147815188172,1488,127.04733233173549,37.52142940608675,0.008165437450501875
다사60004725,1349.6819838037634,1488,127.0473187174157,37.523682743624704,0.14613506258145245
다사60004750,1008.0339633064518,1488,127.04730510157974,37.52593608029655,0.10914356721044878
다사60004775,83.07470772849462,1488,127.0472914842274,37.528189416102286,0.008994806005060037
다사60254150,4478.762273655915,1488,127.05045868699334,37.471866551094244,0.48493216402251166
다사60254175,121.05176794354841,1488,127.05044519085668,37.47411990855534,0.013106722840124927
다사60254200,1780.7019553763441,1488,127.05043169321719,37.47637326515078,0.192803189796206
다사60254225,118.9278795026882,1488,127.05041819407468,37.478626620880554,0.012876761579660879
다사60254250,653.6105326228325,2768,127.05040469342902,37.480879975744635,0.07076883090603774
다사60254275,956.7027361594203,2760,127.05039119127999,37.483133329743,0.10358574530756351
다사60254300,2273.2088534274194,1488,127.05037768762742,37.48538668287564,0.24612873405934654
다사60254325,9235.853189247313,1488,127.05036418247114,37.48764003514254,1.0
다사60254350,499.2950762096774,1488,127.05035067581098,37.489893386543685,0.054060525430500925
다사60254375,2564.067157930108,1488,127.05033716764675,37.49214673707904,0.27762103894367657
다사60254400,2551.094557168908,4387,127.05032365797828,37.49440008674859,0.27621644745706625
다사60254425,752.0840697705803,2964,127.05031014680542,37.49665343555234,0.08143092515222974
다사60254450,4703.050210853494,2976,127.05029663412793,37.498906783490234,0.509216648910026
다사60254475,3972.615269287634,1488,127.05028311994568,37.50116013056228,0.4301297549762576
다사60254500,4042.2832002016135,2976,127.05026960425847,37.50341347676846,0.4376729596468439
다사60254525,1394.3265127688173,1488,127.05025608706613,37.505666822108736,0.15096889092955035
다사60254550,361.3420924059139,1488,127.05024256836853,37.507920166583105,0.03912384541003752
다사60254575,2558.9186498655918,1488,127.0502290481654,37.51017351019155,0.2770635909246338
다사60254600,1368.4033098118282,2976,127.05021552645665,37.51242685293405,0.1481620898224074
다사60254625,1467.3555556451618,1488,127.05020200324205,37.51468019481058,0.15887601562934173
다사60254650,1065.552173219086,2976,127.05018847852143,37.51693353582113,0.11537127663090586
다사60254675,695.6263378787878,1584,127.05017495229464,37.51918687596569,0.0753180376111499
다사60254700,1288.2145651881717,1488,127.0501614245615,37.52144021524422,0.13947975772156643
다사60254725,2216.206828897849,1488,127.0501478953218,37.523693553656706,0.23995691394034183
다사60254750,723.797700873656,1488,127.05013436457538,37.52594689120315,0.07836825532440526
다사60254775,84.78521357526883,1488,127.05012083232205,37.52820022788351,0.009180008802432957
다사60504150,138.06989536290325,1488,127.0532859119552,37.47187727338236,0.014949338467576423
다사60504175,154.17397567204299,1488,127.05327250069062,37.47413063171138,0.01669298683217891
다사60504200,5814.496334408602,1488,127.05325908793266,37.476383989174806,0.6295570333640678
다사60504225,900.1175005712363,2976,127.05324567368116,37.478637345772604,0.09745905246947656
다사60504250,2787.2702960349457,1488,127.05323225793593,37.48089070150476,0.30178806861936464
다사60504275,245.4385927419355,1488,127.0532188406968,37.48314405637125,0.02657454462655202
다사60504300,308.5898520462633,2248,127.0532054219636,37.48539741037209,0.03341216514848177
다사60504325,2134.892249793388,1936,127.05319200173614,37.48765076350722,0.23115268357436652
다사60504350,55.17896851650346,2757,127.05317858001423,37.48990411577664,0.005974431098660668
다사60504375,1025.6980008766013,2966,127.05316515679773,37.49215746718033,0.11105611791997225
다사60504400,3349.470271841398,1488,127.05315173208643,37.494410817718276,0.36265954029465974
다사60504425,1941.0516722478587,1517,127.05313830588021,37.496664167390456,0.21016484697999482
다사60504450,591.5132311155915,1488,127.05312487817883,37.49891751619685,0.06404532629473267
다사60504475,369.02502244623656,1488,127.05311144898214,37.501170864137436,0.03995570467446015
다사60504500,5991.111028763442,1488,127.05309801828997,37.5034242112122,0.648679759844872
다사60504525,1432.3226961925484,3677,127.05308458610214,37.50567755742112,0.15508287830517986
다사60504550,1138.0021044354833,2976,127.05307115241848,37.5079309027642,0.12321569876840216
다사60504575,1177.6134491935481,2976,127.0530577172388,37.51018424724138,0.12750456563824172
다사60504600,868.1702358796296,2592,127.05304428056294,37.51243759085268,0.09400000390763921
다사60504625,58.74806633064517,1488,127.0530308423907,37.51469093359806,0.006360870525642571
다사60504650,48.18352473118279,1488,127.05301740272195,37.51694427547752,0.005217008514955571
다사60504675,79.97447499039566,2603,127.05300396155644,37.51919761649102,0.00865913233479118
다사60504700,1439.87339280914,1488,127.05299051889406,37.52145095663855,0.15590042016751504
다사60504725,1236.2130907930107,1488,127.05297707473461,37.523704295920105,0.13384936566902678
다사60504750,120.52909368279573,1488,127.05296362907791,37.52595763433565,0.013050130963874534
다사60504775,7.8275983198924735,1488,127.0529501819238,37.528210971885166,0.000847523034364126
다사60754175,137.7672657275021,2378,127.05609981201793,37.47414128721925,0.01491657163713855
다사60754200,647.4768737231183,2976,127.0560864841417,37.47639464554518,0.07010471696073865
다사60754225,2057.014466599463,1488,127.05607315478137,37.478648003005524,0.22272056781871627
다사60754250,1367.913005174731,1488,127.05605982393676,37.48090135960029,0.1481090027250867
다사60754275,2270.060868615591,1488,127.0560464916077,37.48315471532944,0.24578789009535917
다사60754300,136.58095698924734,2976,127.05603315779403,37.48540807019297,0.014788125600378689
다사60754325,1201.749570026882,1488,127.05601982249556,37.48766142419086,0.13011787275116055
다사60754350,1990.234588709678,1488,127.05600648571209,37.48991477732309,0.21549006333565104
다사60754375,3560.3841945564523,1488,127.05599314744349,37.492168129589636,0.38549597114661477
다사60754400,728.7774259408602,1488,127.05597980768955,37.49442148099049,0.07890742858378554
다사60754425,1583.6099717285942,1857,127.05596646645014,37.496674831525624,0.17146331143204893
다사60754450,3559.890935349463,1488,127.05595312372505,37.498928181195026,0.3854425641470791
다사60754475,959.3562733870971,2232,127.05593977951412,37.501181529998675,0.10387305360202255
다사60754500,1742.624205217045,2511,127.05592643381713,37.50343487793656,0.18868037088829714
다사60754525,1299.3469268817205,4464,127.05591308663399,37.505688225008655,0.14068509971493087
다사60754550,3860.2656674731193,1488,127.05589973796447,37.507941571214936,0.4179652478633342
다사60754575,2314.6865762096772,1488,127.05588638780837,37.51019491655539,0.2506196805839781
다사60754600,1951.9857036290318,1488,127.05587303616558,37.512448261029995,0.21134871501656158
다사60754625,43.53772600806452,1488,127.05585968303589,37.51470160463875,0.004713990696468907
다사60754650,20.413296505376344,1488,127.05584632841914,37.51695494738163,0.002210223147455633
다사60754675,1155.022851142473,2976,127.05583297231513,37.51920828925861,0.12505859799581798
다사60754700,1282.709214516129,1488,127.0558196147237,37.521461630269656,0.1388836730329908
다사60754725,1084.1989325268821,1488,127.05580625564468,37.52371497041479,0.1173902302593054
다사60754750,32.76293797043011,1488,127.0557928950779,37.52596830969395,0.0035473645259513015
다사60754775,12.05023971452561,1191,127.05577953302314,37.52822164810715,0.0013047240430970578
다사61004150,47.238510139503234,2939,127.05894036634903,37.47189851503039,0.0051146882883001945
다사61004175,102.94508800000001,2650,127.05892712482918,37.47415187507883,0.011146245602934887
다사61004200,2820.190105577957,1488,127.05891388183483,37.476405234261776,0.30535241821094733
다사61004225,1711.5343702284943,1488,127.05890063736584,37.47865859257921,0.1853141594131357
다사61004250,60.31830550705173,1489,127.05888739142205,37.4809119500311,0.0065308861315894785
다사61004275,1909.8250283933523,2166,127.05887414400324,37.48316530661742,0.2067838227026859
다사61004300,79.44464657258064,1488,127.05886089510926,37.48541866233818,0.008601765851483298
다사61004325,75.48778749999998,1488,127.05884764473994,37.487672017193354,0.00817334207822677
다사61004350,1832.3830933467743,1488,127.0588343928951,37.48992537118291,0.19839889783870704
다사61004375,85.88036579301075,1488,127.05882113957458,37.49217872430684,0.009298584985412667
다사61004400,6361.325643077955,1488,127.05880788477818,37.494432076565126,0.6887642660327279
다사61004425,934.4045978252714,2667,127.05879462850575,37.49668542795774,0.10117144336087285
다사61004450,2769.766858319328,2975,127.0587813707571,37.49893877848469,0.299892906650355
다사61004475,2313.7627648702587,1503,127.05876811153207,37.50119212814592,0.2505196561119029
다사61004500,1124.6639540994624,1488,127.05875485083051,37.50344547694142,0.12177152787669185
다사61004525,1927.784404872312,2976,127.0587415886522,37.50569882487121,0.20872835084870153
다사61004550,3214.9897446908603,1488,127.05872832499698,37.50795217193524,0.348098836005087
다사61004575,4822.53784092742,1488,127.05871505986467,37.51020551813346,0.5221540167552662
다사61004600,5842.437178091396,1488,127.05870179325514,37.512458863465916,0.6325822918984199
다사61004625,781.8652773521504,1488,127.05868852516814,37.514712207932554,0.08465544669575562
다사61004650,1710.6954202956988,1488,127.05867525560359,37.51696555153337,0.18522332319956614
다사61004675,364.4917144498454,2263,127.05866198456121,37.51921889426834,0.0394648666432029
다사61004700,329.5274153225806,1488,127.05864871204093,37.52147223613743,0.03567915259915861
다사61004725,22.8225751344086,1488,127.05863543804251,37.52372557714064,0.0024710846596153564
다사61254150,65.13050084005377,2976,127.06176759576213,37.47190903439007,0.007051920326741536
다사61254175,219.97340497311833,1488,127.06175443911488,37.47416239529002,0.023817334518614768
다사61254200,759.458995698925,1488,127.06174128100261,37.47641575532452,0.0822294356717485
다사61254225,1641.846777553763,2232,127.06172812142515,37.47866911449354,0.1777688258909589
다사61254250,246.23397076612903,1488,127.06171496038232,37.48092247279708,0.026660663148349174
다사61254275,1046.972816330645,1488,127.06170179787391,37.48317583023511,0.11335962091185744
다사61254300,202.68112836021504,1488,127.06168863389983,37.48542918680763,0.02194503574355027
다사61254325,1151.577733266129,1488,127.06167546845984,37.4876825425146,0.12468558233546133
다사61254350,493.2189290322579,1488,127.0616623015538,37.489935897356006,0.05340263849218389
다사61254375,3179.5256120967742,1488,127.06164913318152,37.49218925133183,0.34425900314206853
다사61254400,1313.0483182123653,2976,127.06163596334282,37.49444260444207,0.14216860005322082
다사61254425,961.7253209005377,1488,127.06162279203757,37.4966959566867,0.10412955914243097
다사61254450,5584.950920026883,1488,127.06160961926555,37.4989493080657,0.604703301967713
다사61254475,1163.5208391801082,1488,127.06159644502664,37.50120265857903,0.12597870660554866
다사61254500,1243.4264153225806,1488,127.06158326932061,37.50345600822669,0.13463037900713049
다사61254525,1286.9062741263442,1488,127.06157009214729,37.50570935700868,0.13933810420726514
다사61254550,989.3132573113206,2968,127.06155691350658,37.50796270492496,0.10711660710058839
다사61254575,614.2080812500002,1488,127.06154373339822,37.51021605197549,0.06650258169598036
다사61254600,1336.3398315860218,1488,127.06153055182209,37.5124693981603,0.14469045839120018
다사61254625,1490.1505223790323,1488,127.06151736877801,37.514722743479346,0.16134411102527216
다사61254650,36.06929818548386,1488,127.0615041842658,37.516976087932626,0.0039053563808784807
다사61254675,144.39097224462367,1488,127.06149099828528,37.519229431520095,0.01563374485128547
다사61254700,257.95032889784943,1488,127.06147781083628,37.52148277424175,0.027929236597022112
다사61254725,46.74531465053762,1488,127.06146462191863,37.523736116097574,0.005061288187750762
다사61504150,37.77631216397848,1488,127.06459482664009,37.47191948610673,0.004090181100751896
다사61504175,176.1557066532258,1488,127.06458175486563,37.4741728478527,0.019073030183969587
다사61504200,141.84626458333332,1488,127.06456868163559,37.47642620873327,0.01535821993667845
다사61504225,1231.1393156066756,2217,127.06455560694984,37.47867956874843,0.13330000925523686
다사61504250,43.8247566532258,1488,127.06454253080813,37.480932927898145,0.004745068566512949
다사61504275,173.6950065188172,1488,127.06452945321034,37.483186286182395,0.01880660107514904
다사61504300,60.87967305107526,1488,127.06451637415628,37.48543964360118,0.006591667472795409
다사61504325,1483.150039045699,1488,127.06450329364581,37.48769300015448,0.160586142791056
다사61504350,155.16398629032258,1488,127.06449021167872,37.489946355842264,0.01680017894513196
다사61504375,148.94704623655915,1488,127.06447712825485,37.49219971066452,0.01612704784112076
다사61504400,191.06386377688167,1488,127.06446404337406,37.49445306462123,0.020687191520034617
다사61504425,3991.838854502689,1488,127.06445095703613,37.49670641771238,0.43221116368005075
다사61504450,66.35930987903228,1488,127.06443786924093,37.49895976993794,0.007184968028323576
다사61504475,271.2788218413978,1488,127.06442477998826,37.501213121297894,0.02937236184711442
다사61504500,961.036375873656,1488,127.06441168927795,37.50346647179225,0.10405496451508416
다사61504525,1731.3122246639787,1488,127.06439859710986,37.50571982142095,0.18745558089637349
다사61504550,1027.933912936828,2976,127.06438550348379,37.50797317018401,0.11129820839222333
다사61504575,1686.7883597446237,1488,127.06437240839955,37.510226518081375,0.18263481729099362
다사61504600,1128.5794480510756,1488,127.06435931185702,37.51247986511306,0.12219547289523888
다사61504625,408.673267204301,1488,127.06434621385598,37.51473321127904,0.04424856684383983
다사61504650,1097.6905510752692,1488,127.0643331143963,37.51698655657929,0.11885101772224325
다사61504675,86.36891041666668,1488,127.06432001347778,37.51923990101378,0.009351481519565538
다사61504725,33.15624406639003,1205,127.06429380726357,37.523746587285466,0.0035899492323017467
다사61754175,12.635693077956994,1488,127.06740907207197,37.474183232766784,0.0013681132450944421
다사61754200,8.845854032258064,1488,127.06739608372433,37.47643659448794,0.0009577733481684941
다사61754225,13.968019436264198,2377,127.06738309393042,37.47868995534375,0.0015123691498827884
다사61754250,90.35236236559139,1488,127.06737010269002,37.48094331533415,0.0097827846019448
다사61754275,210.3434932795699,1488,127.06735711000302,37.48319667445915,0.022774668346229106
다사61754300,2044.4752588709678,1488,127.06734411586918,37.485450032718745,0.2213629013994304
다사61754325,2161.501889112904,1488,127.06733112028836,37.487703390112884,0.23403380768648382
다사61754350,120.68915934139785,2976,127.06731812326042,37.48995674664157,0.013067461865018403
다사61754375,3592.81660920699,1488,127.06730512478516,37.49221010230477,0.38900754868969406
다사61754400,3361.5663598790316,1488,127.0672921248624,37.494463457102476,0.3639692285053512
다사61754425,4169.512606518819,1488,127.067279123492,37.49671681103467,0.45144855825264785
다사61754450,85.20749247311831,1488,127.06726612067375,37.49897016410135,0.00922573050125133
다사61754475,1364.0615192204302,1488,127.06725311640753,37.501223516302446,0.1476919880892559
다사61754500,128.58812862903227,1488,127.0672401106931,37.503476867637985,0.013922712498152183
다사61754525,776.4301031586023,1488,127.06722710353037,37.505730218107935,0.08406696027417888
다사61754550,151.3194744959677,2976,127.06721409491914,37.50798356771229,0.01638391942740481
다사61754575,99.28774304435484,2976,127.06720108485922,37.510236916451,0.01075025133140368
다사61754600,50.761147379032266,1488,127.06718807335045,37.51249026432408,0.005496097256951863
다사61754625,21.773416666666666,96,127.06717506039264,37.514743611331504,0.0023574883901376865
다사61754650,14.967536717428093,591,127.06716204598567,37.516996957473246,0.001620590584403593
다사61754675,0.0,1488,127.06714903012933,37.519250302749285,0.0
다사62004225,5.526801276881721,1488,127.07021058235748,37.4787002742794,0.0005984072249346933
다사62004250,1139.236462701613,1488,127.07019767601858,37.48095363510503,0.12334934730534153
다사62004275,4267.110763104837,1488,127.07018476824247,37.4832069950653,0.46201587180627224
다사62004300,6235.288158266129,1488,127.07017185902905,37.485460354160196,0.6751177211787492
다사62004325,47.90542634408603,1488,127.0701589483781,37.48771371238971,0.005186897773543989
다사62004350,4268.0888614247315,1488,127.07014603628944,37.48996706975382,0.46212177413060035
다사62004375,78.51734477718355,2805,127.07013312276293,37.49222042625249,0.008501363454823649
다사62004400,351.9349284274193,1488,127.07012020779841,37.49447378188572,0.038105296956988624
다사62004425,449.2601991263443,1488,127.07010729139567,37.496727136653476,0.0486430641458645
다사62004450,957.6086467741935,1488,127.07009437355457,37.49898049055576,0.10368383160194375
다사62004475,141.78527614247315,1488,127.07008145427496,37.50123384359254,0.015351616492512493
다사62254175,9.08958673139159,927,127.07306371081353,37.47420379964864,0.0009841631893817875
다사62254200,5.543365316786415,1531,127.07305089223124,37.47645716303459,0.0006002006748266836
다사62254225,1.4663202284946237,1488,127.07303807222155,37.47871052555526,0.0001587639169277574
다사62254250,316.37591482142847,2800,127.07302525078428,37.48096388721064,0.03425519097572532
다사62254275,1558.604992002688,1488,127.07301242791932,37.4832172480007,0.16875592975181414
다사62254300,1914.0455350134405,1488,127.07299960362644,37.48547060792546,0.20724079257147957
다사62254325,1065.6106342069893,1488,127.0729867779055,37.48772396698486,0.11537760641838792
다사62254350,5741.132265924552,1617,127.07297395075632,37.489977325178906,0.6216136342020431
다사62254375,211.95119930555563,1584,127.07296112217873,37.49223068250757,0.02294874062661761
다사62254400,3867.0237012768825,1488,127.07294829217261,37.49448403897084,0.41869696518985383
다사62254425,993.1892307123657,1488,127.07293546073774,37.49673739456869,0.10753627308288849
다사62254450,41.31167704973119,2976,127.07292262787395,37.49899074930111,0.004472968138755996
다사62254475,15.227588508064517,2976,127.07290979358108,37.50124410316807,0.001648747354039038
다사62504175,21.716748333333342,900,127.07589103232988,37.47421398161624,0.002351352699999249
다사62504200,0.9281302419354839,1488,127.0758782986305,37.47646734582635,0.00010049209563184092
다사62504225,14.012684139784946,1488,127.07586556351316,37.47872070917125,0.0015172051626046827
다사62504250,222.8896136424731,1488,127.07585282697775,37.48097407165089,0.02413308322202096
다사62504275,65.40906705167174,1645,127.07584008902403,37.48322743326528,0.007082081721245109
다사62504300,62.90058272849464,1488,127.07582734965189,37.485480794014386,0.006810478841491936
다사62504325,1333.7960178091396,2976,127.07581460886114,37.48773415389821,0.14441503026076563
다사62504350,287.68425745967744,2976,127.0758018666516,37.48998751291673,0.031148639066135114
다사62504375,3302.2345600806457,1488,127.07578912302311,37.492240871069896,0.3575451549971817
다사62504400,151.32758985215048,1488,127.07577637797554,37.49449422835773,0.01638479810704777
다사62504425,324.6470641801075,1488,127.07576363150868,37.4967475847802,0.03515073892231986
다사62504450,37.751162836021514,1488,127.07575088362236,37.49900094033727,0.0040874580899545555
다사62754175,8.599696825396823,315,127.07871835526402,37.474224095934794,0.0009311209965321748
다사62754225,38.448680376344086,1488,127.07869305622293,37.478730825127236,0.004162980895052264
다사62754250,92.95868629032256,1488,127.07868040458946,37.48098418842568,0.010064980937391702
다사62754275,4811.921294422043,1488,127.07866775154721,37.4832375508589,0.5210045239809833
다사62754300,69.5034696908602,2976,127.07865509709596,37.48549091242691,0.007525397845407336
다사62754325,75.89762051052394,2233,127.07864244123553,37.48774427312967,0.008217716214771199
다사62754350,1182.5263669690862,2976,127.07862978396582,37.489997632967174,0.12803650542494793
다사62754375,1348.0315554673398,2771,127.07861712528661,37.492250991939386,0.14595636459842853
다사62754400,403.3388816532258,1488,127.07860446519773,37.4945043500463,0.04367099318152939
다사62754425,13.006171034946236,1488,127.07859180369908,37.49675770728789,0.0014082262643681314
다사62754450,246.12114737903227,1488,127.07857914079042,37.49901106366417,0.026648447342750604
다사63004225,53.38713151881719,1488,127.08152055034131,37.478740873423135,0.005780422276630844
다사63004250,972.8890913978498,1488,127.08150798361001,37.4809942375349,0.10533830188320009
다사63004275,83.41510739247315,1488,127.08149541547937,37.48324760078149,0.009031662336251488
다사63004300,87.17381586021506,1488,127.08148284594917,37.48550096316291,0.009438631610310319
다사63004325,1305.1270453012912,2788,127.08147027501927,37.48775432467913,0.1413109345242477
다사63004350,47.401590658602174,1488,127.0814577026895,37.49000768533014,0.005132345619545868
다사63004375,112.46853077956995,1488,127.08144512895973,37.4922610451159,0.012177383992039797
다사63004400,1103.654187634409,1488,127.08143255382976,37.49451440403644,0.11949672271959887
다사63004425,250.99450584677427,1488,127.08141997729943,37.49676776209168,0.027176103896821402
다사63004450,99.830507594086,1488,127.08140739936859,37.499021119281636,0.010809018457581374
다사63254225,145.57929946236564,1488,127.08434804585892,37.47875085405884,0.015762409436288344
다사63254250,638.3391795026881,1488,127.08433556402993,37.48100421897844,0.0691153449955077
다사63254275,611.6447692876342,1488,127.08432308081103,37.483257583032916,0.06622504242485484
다사63254300,170.77807748655914,1488,127.08431059620207,37.48551094622227,0.01849077437538577
다사63254325,2699.1413550428742,2449,127.08429811020287,37.48776430854648,0.2922460220768022
다사63254350,1472.7309054435482,1488,127.08428562281324,37.49001767000552,0.15945802464228756
다사63254375,1268.089057862903,1488,127.08427313403305,37.49227103059937,0.13730069457354024
다사63254400,1286.2828987231185,1488,127.08426064386214,37.494524390328024,0.13927060904569724
다사63254425,199.95877547043006,1488,127.08424815230033,37.496777749191445,0.02165027652271787
다사63504150,22.284063037634407,1488,127.08721272526464,37.47200066467813,0.0024127779622545595
다사63504200,52.1534842992624,949,127.08718793831247,37.476507400447225,0.0056468507273352096
다사63504225,229.37212943548383,1488,127.08717554276627,37.47876076703424,0.024834969194023837
다사63504250,174.3825739247312,1488,127.08716314583977,37.48101413275621,0.018881046542376094
다사63504275,5940.735880577958,1488,127.0871507475328,37.48326749761309,0.6432254561489089
다사63504300,108.70954973118283,1488,127.08713834784523,37.48552086160492,0.011770385204665888
다사63504325,559.9765578629035,1488,127.08712594677685,37.48777422473162,0.06063073398728845
다사63504350,1984.0708908769168,2543,127.08711354432755,37.49002758699322,0.21482269696391862
다사63504375,187.16507547043005,1488,127.08710114049711,37.49228094838967,0.020265055283504706
다사63504400,65.1966855846774,2976,127.0870887352854,37.49453430892097,0.007059086393943717
다사63504425,63.070431350806416,2976,127.08707632869229,37.49678766858709,0.006828868980316307
다사63754250,1338.8885094758066,1488,127.08999072903005,37.48102397886808,0.14496641317713724
다사63754275,75.93331727150537,1488,127.08997841563519,37.48327734452191,0.008221581235170505
다사63754300,17.34465672043011,1488,127.08996610086915,37.485530709310716,0.00187797016312725
다사63754325,3.1799185483870964,1488,127.08995378473179,37.48778407323446,0.0003443015478081942
다사63754350,232.13560470430104,1488,127.08994146722296,37.49003743629313,0.025134180886998186
다사63754375,1941.5196362903225,1488,127.08992914834245,37.49229079848671,0.2102155151784682
다사63754400,110.40766908602147,1488,127.08991682809014,37.49454415981518,0.011954246870723514
다사63754425,0.5615985551075267,2976,127.08990450646584,37.49679752027852,6.0806353630800275e-05
